"","RFPred","RFPer","RF_M","RF_P","Actual","Salary","Name","HTeam","Opp","Pts","Pos","Xgb","XgbPer","xgb_M","xgb_P","DNN","DNNPer","ActualPos","Rank","L10","L5","Player_Per","Player_Med","Player_Projected"
"21252",13.6354583333333,0.413195707070707,-9,12,0,3300,"Thon Maker","MIL","PHX",110.5,"PF/C",16.6164474487305,0.50352871056759,-9,12,10.9200390273068,0.330910273554752,"C",2.2,70.8,67.1,0.352941176470588,13,23.6823529411765
"21254",9.89683333333333,0.329894444444444,-9,5,0,3000,"D.J. Wilson","MIL","PHX",110.5,"PF/C",7.38887500762939,0.246295833587646,-13,12,12.8993651315064,0.429978837716881,"PF",3,68.4,74.5,0.00264970853206147,0,0.19740328563858
"21255",23.0215416666667,0.469827380952381,-17,14,0,4900,"Malcolm Brogdon","MIL","PHX",110.5,"PG/SG",30.8599815368652,0.629795541568678,-19,13,23.0338526890503,0.470078626307148,"0",0,0,0,0.152926099957283,25,0
"21256",12.5790833333333,0.419302777777778,-7,10,0,3000,"DeAndre Liggins","MIL","PHX",110.5,"PG/SF",10.3804149627686,0.346013832092285,-27,18,10.1078567247702,0.336928557492339,"0",0,0,0,0.0329000345105257,10,0
"21257",45.957875,0.707044230769231,-14,10,0,6500,"Eric Bledsoe","MIL","PHX",110.5,"PG/SG",60.6480369567871,0.933046722412109,-10,26,44.4290445896759,0.683523762918091,"PG",5.4,61,66.2,0.160820045558087,29.5,10.6462870159453
"21259",16.4020416666667,0.431632675438596,-7,15,0,3800,"Tony Snell","MIL","PHX",110.5,"SG/SF",10.6786661148071,0.28101752933703,-7,14,15.037048192319,0.395711794534711,"SF",3.2,60.3,77.4,0.202440126525079,18.375,15.6688657930411
"21261",39.5720416666667,0.573507850241546,-22,19,0,6900,"Khris Middleton","MIL","PHX",110.5,"SG/SF",52.7000389099121,0.763768679853799,-35,15,31.2030695106125,0.452218398704528,"SG",7.4,98.3,82.8,0.488470191226097,28.5,40.4453318335208
